run_id,machine_id,protocol_version,profile,start_utc,end_utc,os_distro,os_version,kernel_version,pg_version,notes
LEGACY-GCP-001,gcp-uswest1a-e2micro-01,CBP-0,exploratory,unknown,unknown,unknown,unknown,unknown,18,Historical baseline from early exploratory test
2026-09-13_vultr_delhi_hp-4c8g-intel_run01,vultr-delhi-vhp-4c-8gb-intel-01,CBP-1.0,standard,2026-09-13 11:32:43 UTC,2026-09-13 12:28:05 UTC,Ubuntu 24.04.4 LTS,24.04 LTS,6.8.0-138-generic,18,Complete; instance destroyed
2026-09-13_vultr_mumbai_hp-4c8g-amd_run01,vultr-mumbai-vhp-4c-8gb-amd-01,CBP-1.0,standard,2026-09-13 18:39:55 UTC,2026-09-13 19:22:46 UTC,Ubuntu 24.04.4 LTS,24.04 LTS,6.8.0-138-generic,18,Complete; instance destroyed
2026-09-14_gcp_uswest1_e2-micro_run01,google cloud platform-us-west1-e2-micro-01,CBP-1.0,standard,2026-09-14 03:50:32 UTC,2026-09-14 04:49:19 UTC,Debian GNU/Linux 12 (bookworm),12 (bookworm),6.1.0-53-cloud-amd64,18,Complete; persistent baseline preserved
2026-09-14_gcp_us-west1_e2-standard-4_run01,google cloud platform-us-west1-e2-standard-4-01,CBP-1.0,standard,2026-09-14 05:21:17 UTC,2026-09-14 06:13:15 UTC,Debian GNU/Linux 12 (bookworm),24.04 LTS,6.1.0-53-cloud-amd64,18,Complete; instance destroyed
2026-09-14_gcp_us-central1_c2-standard-4_run01,google cloud platform-us-central1-c2-standard-4-01,CBP-1.0,standard,2026-09-14 06:15:44 UTC,2026-09-14 07:06:33 UTC,Debian GNU/Linux 12 (bookworm),24.04 LTS,6.1.0-53-cloud-amd64,18,Complete; instance destroyed
2026-09-14_gcp_us-central1_t2a-standard-4_run01,google cloud platform-us-central1-t2a-standard-4-01,CBP-1.0,standard,2026-09-14 07:06:54 UTC,2026-09-14 07:57:57 UTC,Debian GNU/Linux 12 (bookworm),24.04 LTS,6.1.0-53-cloud-arm64,18,Complete; instance destroyed
2026-09-14_gcp_asia-south2_e2-micro_run01,google cloud platform-asia-south2-e2-micro-01,CBP-1.0,standard,2026-09-14 08:33:07 UTC,2026-09-14 09:39:43 UTC,Debian GNU/Linux 12 (bookworm),24.04 LTS,6.1.0-53-cloud-amd64,18,Complete; instance destroyed
2026-09-14_vultr_delhi_vc2-1c-1gb_run01,vultr-delhi-vc2-1c-1gb-01,CBP-1.0,standard,2026-09-14 09:41:08 UTC,2026-09-14 10:22:50 UTC,Debian GNU/Linux 12 (bookworm),24.04 LTS,6.1.0-52-amd64,18,Complete; instance destroyed
2026-09-14_vultr_delhi_vc2-1c-2gb_run01,vultr-delhi-vc2-1c-2gb-01,CBP-1.0,standard,2026-09-14 12:48:38 UTC,2026-09-14 13:30:26 UTC,Debian GNU/Linux 12 (bookworm),24.04 LTS,6.1.0-52-amd64,18,Complete; instance destroyed
